,image_id,image_path,label
0,patch-600-600-800-800-#map_74490389.png#.png,patches_200_pixel/patch-600-600-800-800-#map_74490389.png#.png,2
1,patch-0-4200-200-4400-#map_74488722.png#.png,patches_200_pixel/patch-0-4200-200-4400-#map_74488722.png#.png,2
2,patch-4800-2200-5000-2400-#map_74488700.png#.png,patches_200_pixel/patch-4800-2200-5000-2400-#map_74488700.png#.png,2
3,patch-2000-2000-2200-2200-#map_74488618.png#.png,patches_200_pixel/patch-2000-2000-2200-2200-#map_74488618.png#.png,2
4,patch-600-4200-800-4400-#map_74490389.png#.png,patches_200_pixel/patch-600-4200-800-4400-#map_74490389.png#.png,1
5,patch-1600-1800-1800-2000-#map_74488618.png#.png,patches_200_pixel/patch-1600-1800-1800-2000-#map_74488618.png#.png,2
6,patch-1800-2400-2000-2600-#map_74488618.png#.png,patches_200_pixel/patch-1800-2400-2000-2600-#map_74488618.png#.png,1
7,patch-4200-600-4400-800-#map_74488705.png#.png,patches_200_pixel/patch-4200-600-4400-800-#map_74488705.png#.png,2
8,patch-4800-4200-5000-4400-#map_74488700.png#.png,patches_200_pixel/patch-4800-4200-5000-4400-#map_74488700.png#.png,2
9,patch-4000-3600-4200-3800-#map_74488618.png#.png,patches_200_pixel/patch-4000-3600-4200-3800-#map_74488618.png#.png,2
10,patch-6400-3600-6600-3800-#map_74488621.png#.png,patches_200_pixel/patch-6400-3600-6600-3800-#map_74488621.png#.png,2
11,patch-5600-4800-5800-5000-#map_74488722.png#.png,patches_200_pixel/patch-5600-4800-5800-5000-#map_74488722.png#.png,1
12,patch-3200-4000-3400-4200-#map_74488700.png#.png,patches_200_pixel/patch-3200-4000-3400-4200-#map_74488700.png#.png,1
13,patch-1000-1000-1200-1200-#map_74488621.png#.png,patches_200_pixel/patch-1000-1000-1200-1200-#map_74488621.png#.png,2
14,patch-1000-1000-1200-1200-#map_74488700.png#.png,patches_200_pixel/patch-1000-1000-1200-1200-#map_74488700.png#.png,2
15,patch-3400-2200-3600-2400-#map_74488621.png#.png,patches_200_pixel/patch-3400-2200-3600-2400-#map_74488621.png#.png,2
16,patch-6200-3400-6400-3600-#map_74489053.png#.png,patches_200_pixel/patch-6200-3400-6400-3600-#map_74489053.png#.png,2
17,patch-2400-400-2600-600-#map_74488586.png#.png,patches_200_pixel/patch-2400-400-2600-600-#map_74488586.png#.png,2
18,patch-4400-200-4600-400-#map_74488689.png#.png,patches_200_pixel/patch-4400-200-4600-400-#map_74488689.png#.png,2
19,patch-2200-3600-2400-3800-#map_74488689.png#.png,patches_200_pixel/patch-2200-3600-2400-3800-#map_74488689.png#.png,2
20,patch-400-3800-600-4000-#map_74490389.png#.png,patches_200_pixel/patch-400-3800-600-4000-#map_74490389.png#.png,1
21,patch-5800-1800-6000-2000-#map_74488586.png#.png,patches_200_pixel/patch-5800-1800-6000-2000-#map_74488586.png#.png,2
22,patch-200-4400-400-4600-#map_74488722.png#.png,patches_200_pixel/patch-200-4400-400-4600-#map_74488722.png#.png,1
23,patch-3400-5400-3600-5600-#map_74488689.png#.png,patches_200_pixel/patch-3400-5400-3600-5600-#map_74488689.png#.png,2
24,patch-1400-2400-1600-2600-#map_74490356.png#.png,patches_200_pixel/patch-1400-2400-1600-2600-#map_74490356.png#.png,1
25,patch-7400-5400-7424-5600-#map_74488700.png#.png,patches_200_pixel/patch-7400-5400-7424-5600-#map_74488700.png#.png,1
26,patch-7200-2400-7400-2600-#map_74488705.png#.png,patches_200_pixel/patch-7200-2400-7400-2600-#map_74488705.png#.png,2
27,patch-7000-1200-7200-1400-#map_74488621.png#.png,patches_200_pixel/patch-7000-1200-7200-1400-#map_74488621.png#.png,2
28,patch-4800-2800-5000-3000-#map_74488700.png#.png,patches_200_pixel/patch-4800-2800-5000-3000-#map_74488700.png#.png,2
29,patch-2000-5800-2200-5888-#map_74489053.png#.png,patches_200_pixel/patch-2000-5800-2200-5888-#map_74489053.png#.png,2
30,patch-1800-4800-2000-5000-#map_74489053.png#.png,patches_200_pixel/patch-1800-4800-2000-5000-#map_74489053.png#.png,1
31,patch-1600-2800-1800-3000-#map_74490356.png#.png,patches_200_pixel/patch-1600-2800-1800-3000-#map_74490356.png#.png,1
32,patch-4000-1600-4200-1800-#map_74489053.png#.png,patches_200_pixel/patch-4000-1600-4200-1800-#map_74489053.png#.png,2
33,patch-4800-2800-5000-3000-#map_74488689.png#.png,patches_200_pixel/patch-4800-2800-5000-3000-#map_74488689.png#.png,2
34,patch-4400-5200-4600-5400-#map_74488742.png#.png,patches_200_pixel/patch-4400-5200-4600-5400-#map_74488742.png#.png,2
35,patch-3800-0-4000-200-#map_74488580.png#.png,patches_200_pixel/patch-3800-0-4000-200-#map_74488580.png#.png,2
36,patch-5600-4800-5800-5000-#map_74488689.png#.png,patches_200_pixel/patch-5600-4800-5800-5000-#map_74488689.png#.png,2
37,patch-200-2800-400-3000-#map_74488618.png#.png,patches_200_pixel/patch-200-2800-400-3000-#map_74488618.png#.png,1
38,patch-1200-400-1400-600-#map_74488700.png#.png,patches_200_pixel/patch-1200-400-1400-600-#map_74488700.png#.png,2
39,patch-3600-4400-3800-4600-#map_74488689.png#.png,patches_200_pixel/patch-3600-4400-3800-4600-#map_74488689.png#.png,2
40,patch-2600-3400-2800-3600-#map_74490356.png#.png,patches_200_pixel/patch-2600-3400-2800-3600-#map_74490356.png#.png,1
41,patch-4000-4400-4200-4600-#map_74489053.png#.png,patches_200_pixel/patch-4000-4400-4200-4600-#map_74489053.png#.png,2
42,patch-4800-1000-5000-1200-#map_74488722.png#.png,patches_200_pixel/patch-4800-1000-5000-1200-#map_74488722.png#.png,1
43,patch-1000-2800-1200-3000-#map_74488618.png#.png,patches_200_pixel/patch-1000-2800-1200-3000-#map_74488618.png#.png,2
44,patch-2800-2200-3000-2400-#map_74489035.png#.png,patches_200_pixel/patch-2800-2200-3000-2400-#map_74489035.png#.png,2
45,patch-2000-200-2200-400-#map_74488700.png#.png,patches_200_pixel/patch-2000-200-2200-400-#map_74488700.png#.png,1
46,patch-2800-1400-3000-1600-#map_74488700.png#.png,patches_200_pixel/patch-2800-1400-3000-1600-#map_74488700.png#.png,1
47,patch-4400-800-4600-1000-#map_74488705.png#.png,patches_200_pixel/patch-4400-800-4600-1000-#map_74488705.png#.png,1
48,patch-4200-2000-4400-2200-#map_74488722.png#.png,patches_200_pixel/patch-4200-2000-4400-2200-#map_74488722.png#.png,1
49,patch-2400-3000-2600-3200-#map_74488586.png#.png,patches_200_pixel/patch-2400-3000-2600-3200-#map_74488586.png#.png,2
50,patch-1400-5800-1600-5888-#map_74490356.png#.png,patches_200_pixel/patch-1400-5800-1600-5888-#map_74490356.png#.png,2
51,patch-5000-2800-5200-3000-#map_74490356.png#.png,patches_200_pixel/patch-5000-2800-5200-3000-#map_74490356.png#.png,1
52,patch-4400-2400-4600-2600-#map_74488722.png#.png,patches_200_pixel/patch-4400-2400-4600-2600-#map_74488722.png#.png,1
53,patch-3800-2400-4000-2600-#map_74488689.png#.png,patches_200_pixel/patch-3800-2400-4000-2600-#map_74488689.png#.png,2
54,patch-4200-2000-4400-2200-#map_74488705.png#.png,patches_200_pixel/patch-4200-2000-4400-2200-#map_74488705.png#.png,2
55,patch-3600-800-3800-1000-#map_74488722.png#.png,patches_200_pixel/patch-3600-800-3800-1000-#map_74488722.png#.png,2
56,patch-5200-5200-5400-5400-#map_74488621.png#.png,patches_200_pixel/patch-5200-5200-5400-5400-#map_74488621.png#.png,1
57,patch-4600-4600-4800-4800-#map_74488621.png#.png,patches_200_pixel/patch-4600-4600-4800-4800-#map_74488621.png#.png,2
58,patch-5800-1800-6000-2000-#map_74490389.png#.png,patches_200_pixel/patch-5800-1800-6000-2000-#map_74490389.png#.png,1
59,patch-7200-2800-7400-3000-#map_74490359.png#.png,patches_200_pixel/patch-7200-2800-7400-3000-#map_74490359.png#.png,1
60,patch-1000-1400-1200-1600-#map_74488705.png#.png,patches_200_pixel/patch-1000-1400-1200-1600-#map_74488705.png#.png,2
61,patch-600-5000-800-5200-#map_74488586.png#.png,patches_200_pixel/patch-600-5000-800-5200-#map_74488586.png#.png,2
62,patch-3600-2800-3800-3000-#map_74488700.png#.png,patches_200_pixel/patch-3600-2800-3800-3000-#map_74488700.png#.png,2
63,patch-1600-5400-1800-5600-#map_74488586.png#.png,patches_200_pixel/patch-1600-5400-1800-5600-#map_74488586.png#.png,2
64,patch-6600-1000-6800-1200-#map_74488586.png#.png,patches_200_pixel/patch-6600-1000-6800-1200-#map_74488586.png#.png,2
65,patch-6200-0-6400-200-#map_74489035.png#.png,patches_200_pixel/patch-6200-0-6400-200-#map_74489035.png#.png,2
66,patch-200-3600-400-3800-#map_74488700.png#.png,patches_200_pixel/patch-200-3600-400-3800-#map_74488700.png#.png,2
67,patch-5600-3200-5800-3400-#map_74488700.png#.png,patches_200_pixel/patch-5600-3200-5800-3400-#map_74488700.png#.png,1
68,patch-4800-4600-5000-4800-#map_74490389.png#.png,patches_200_pixel/patch-4800-4600-5000-4800-#map_74490389.png#.png,1
69,patch-4600-800-4800-1000-#map_74489035.png#.png,patches_200_pixel/patch-4600-800-4800-1000-#map_74489035.png#.png,2
70,patch-3800-4800-4000-5000-#map_74488742.png#.png,patches_200_pixel/patch-3800-4800-4000-5000-#map_74488742.png#.png,2
71,patch-7400-1000-7600-1200-#map_74488621.png#.png,patches_200_pixel/patch-7400-1000-7600-1200-#map_74488621.png#.png,2
72,patch-1600-5400-1800-5600-#map_74488689.png#.png,patches_200_pixel/patch-1600-5400-1800-5600-#map_74488689.png#.png,2
73,patch-5400-200-5600-400-#map_74488586.png#.png,patches_200_pixel/patch-5400-200-5600-400-#map_74488586.png#.png,2
74,patch-1200-3000-1400-3200-#map_74490356.png#.png,patches_200_pixel/patch-1200-3000-1400-3200-#map_74490356.png#.png,1
75,patch-6400-1600-6600-1800-#map_74488618.png#.png,patches_200_pixel/patch-6400-1600-6600-1800-#map_74488618.png#.png,1
76,patch-1800-2400-2000-2600-#map_74490389.png#.png,patches_200_pixel/patch-1800-2400-2000-2600-#map_74490389.png#.png,1
77,patch-4400-600-4600-800-#map_74488618.png#.png,patches_200_pixel/patch-4400-600-4600-800-#map_74488618.png#.png,1
78,patch-6200-2600-6400-2800-#map_74488722.png#.png,patches_200_pixel/patch-6200-2600-6400-2800-#map_74488722.png#.png,1
79,patch-3200-4200-3400-4400-#map_74488621.png#.png,patches_200_pixel/patch-3200-4200-3400-4400-#map_74488621.png#.png,1
80,patch-6800-4400-7000-4600-#map_74489035.png#.png,patches_200_pixel/patch-6800-4400-7000-4600-#map_74489035.png#.png,1
81,patch-5200-800-5400-1000-#map_74487492.png#.png,patches_200_pixel/patch-5200-800-5400-1000-#map_74487492.png#.png,1
82,patch-7200-5200-7400-5400-#map_74490359.png#.png,patches_200_pixel/patch-7200-5200-7400-5400-#map_74490359.png#.png,1
83,patch-5600-200-5800-400-#map_74488689.png#.png,patches_200_pixel/patch-5600-200-5800-400-#map_74488689.png#.png,1
84,patch-3600-800-3800-1000-#map_74489053.png#.png,patches_200_pixel/patch-3600-800-3800-1000-#map_74489053.png#.png,1
85,patch-6600-5600-6800-5800-#map_74488618.png#.png,patches_200_pixel/patch-6600-5600-6800-5800-#map_74488618.png#.png,1
86,patch-5800-800-6000-1000-#map_74490389.png#.png,patches_200_pixel/patch-5800-800-6000-1000-#map_74490389.png#.png,1
87,patch-2800-1000-3000-1200-#map_74488700.png#.png,patches_200_pixel/patch-2800-1000-3000-1200-#map_74488700.png#.png,1
88,patch-3600-0-3800-200-#map_74490359.png#.png,patches_200_pixel/patch-3600-0-3800-200-#map_74490359.png#.png,1
89,patch-1800-4000-2000-4200-#map_74488700.png#.png,patches_200_pixel/patch-1800-4000-2000-4200-#map_74488700.png#.png,2
90,patch-5800-3800-6000-4000-#map_74490356.png#.png,patches_200_pixel/patch-5800-3800-6000-4000-#map_74490356.png#.png,1
91,patch-3000-2400-3200-2600-#map_74488621.png#.png,patches_200_pixel/patch-3000-2400-3200-2600-#map_74488621.png#.png,2
92,patch-4600-3200-4800-3400-#map_74488580.png#.png,patches_200_pixel/patch-4600-3200-4800-3400-#map_74488580.png#.png,2
93,patch-7400-1000-7600-1200-#map_74488722.png#.png,patches_200_pixel/patch-7400-1000-7600-1200-#map_74488722.png#.png,1
94,patch-2600-1000-2800-1200-#map_74490389.png#.png,patches_200_pixel/patch-2600-1000-2800-1200-#map_74490389.png#.png,1
95,patch-1000-400-1200-600-#map_74488722.png#.png,patches_200_pixel/patch-1000-400-1200-600-#map_74488722.png#.png,1
96,patch-400-5200-600-5400-#map_74489053.png#.png,patches_200_pixel/patch-400-5200-600-5400-#map_74489053.png#.png,1
97,patch-200-4800-400-5000-#map_74489053.png#.png,patches_200_pixel/patch-200-4800-400-5000-#map_74489053.png#.png,1
98,patch-0-3400-200-3600-#map_74490359.png#.png,patches_200_pixel/patch-0-3400-200-3600-#map_74490359.png#.png,1
99,patch-3200-4800-3400-5000-#map_74488722.png#.png,patches_200_pixel/patch-3200-4800-3400-5000-#map_74488722.png#.png,1
100,patch-7000-4600-7200-4800-#map_74490389.png#.png,patches_200_pixel/patch-7000-4600-7200-4800-#map_74490389.png#.png,1
101,patch-7600-5400-7680-5600-#map_74490389.png#.png,patches_200_pixel/patch-7600-5400-7680-5600-#map_74490389.png#.png,1
102,patch-3000-600-3200-800-#map_74490359.png#.png,patches_200_pixel/patch-3000-600-3200-800-#map_74490359.png#.png,1
103,patch-4600-5200-4800-5400-#map_74490389.png#.png,patches_200_pixel/patch-4600-5200-4800-5400-#map_74490389.png#.png,1
104,patch-6400-3000-6600-3200-#map_74490389.png#.png,patches_200_pixel/patch-6400-3000-6600-3200-#map_74490389.png#.png,1
105,patch-6000-1000-6200-1200-#map_74490359.png#.png,patches_200_pixel/patch-6000-1000-6200-1200-#map_74490359.png#.png,1
106,patch-4800-1400-5000-1600-#map_74490356.png#.png,patches_200_pixel/patch-4800-1400-5000-1600-#map_74490356.png#.png,1
107,patch-1000-1600-1200-1800-#map_74489053.png#.png,patches_200_pixel/patch-1000-1600-1200-1800-#map_74489053.png#.png,1
108,patch-4000-4200-4200-4400-#map_74490356.png#.png,patches_200_pixel/patch-4000-4200-4200-4400-#map_74490356.png#.png,1
109,patch-3600-0-3800-200-#map_74490389.png#.png,patches_200_pixel/patch-3600-0-3800-200-#map_74490389.png#.png,1
110,patch-4600-3800-4800-4000-#map_74488705.png#.png,patches_200_pixel/patch-4600-3800-4800-4000-#map_74488705.png#.png,2
111,patch-6800-5600-7000-5632-#map_74488742.png#.png,patches_200_pixel/patch-6800-5600-7000-5632-#map_74488742.png#.png,1
112,patch-1200-5000-1400-5200-#map_74489035.png#.png,patches_200_pixel/patch-1200-5000-1400-5200-#map_74489035.png#.png,1
113,patch-7200-600-7400-800-#map_74488700.png#.png,patches_200_pixel/patch-7200-600-7400-800-#map_74488700.png#.png,1
114,patch-400-600-600-800-#map_74488742.png#.png,patches_200_pixel/patch-400-600-600-800-#map_74488742.png#.png,1
115,patch-3800-1800-4000-2000-#map_74488580.png#.png,patches_200_pixel/patch-3800-1800-4000-2000-#map_74488580.png#.png,2
116,patch-2400-1000-2600-1200-#map_74490359.png#.png,patches_200_pixel/patch-2400-1000-2600-1200-#map_74490359.png#.png,1
117,patch-5800-2400-6000-2600-#map_74488742.png#.png,patches_200_pixel/patch-5800-2400-6000-2600-#map_74488742.png#.png,1
118,patch-7400-5000-7424-5200-#map_74488586.png#.png,patches_200_pixel/patch-7400-5000-7424-5200-#map_74488586.png#.png,1
119,patch-4000-200-4200-400-#map_74488742.png#.png,patches_200_pixel/patch-4000-200-4200-400-#map_74488742.png#.png,1
120,patch-3400-3200-3600-3400-#map_74488742.png#.png,patches_200_pixel/patch-3400-3200-3600-3400-#map_74488742.png#.png,1
121,patch-400-800-600-1000-#map_74490359.png#.png,patches_200_pixel/patch-400-800-600-1000-#map_74490359.png#.png,1
122,patch-200-600-400-800-#map_74488705.png#.png,patches_200_pixel/patch-200-600-400-800-#map_74488705.png#.png,1
123,patch-2400-1800-2600-2000-#map_74488580.png#.png,patches_200_pixel/patch-2400-1800-2600-2000-#map_74488580.png#.png,1
124,patch-1200-1600-1400-1800-#map_74488580.png#.png,patches_200_pixel/patch-1200-1600-1400-1800-#map_74488580.png#.png,1
125,patch-1600-5000-1800-5200-#map_74488580.png#.png,patches_200_pixel/patch-1600-5000-1800-5200-#map_74488580.png#.png,1
126,patch-2800-1400-3000-1600-#map_74488580.png#.png,patches_200_pixel/patch-2800-1400-3000-1600-#map_74488580.png#.png,1
127,patch-2200-1200-2400-1400-#map_74487492.png#.png,patches_200_pixel/patch-2200-1200-2400-1400-#map_74487492.png#.png,1
128,patch-1600-3400-1800-3600-#map_74488580.png#.png,patches_200_pixel/patch-1600-3400-1800-3600-#map_74488580.png#.png,1
129,patch-400-1000-600-1200-#map_74487492.png#.png,patches_200_pixel/patch-400-1000-600-1200-#map_74487492.png#.png,1
130,patch-1800-2800-2000-3000-#map_74487492.png#.png,patches_200_pixel/patch-1800-2800-2000-3000-#map_74487492.png#.png,1
131,patch-7200-1200-7400-1400-#map_74488705.png#.png,patches_200_pixel/patch-7200-1200-7400-1400-#map_74488705.png#.png,1
132,patch-6600-5200-6800-5400-#map_74488722.png#.png,patches_200_pixel/patch-6600-5200-6800-5400-#map_74488722.png#.png,1
133,patch-6000-2600-6200-2800-#map_74488689.png#.png,patches_200_pixel/patch-6000-2600-6200-2800-#map_74488689.png#.png,2
134,patch-4400-4400-4600-4600-#map_74489053.png#.png,patches_200_pixel/patch-4400-4400-4600-4600-#map_74489053.png#.png,1
135,patch-5200-3600-5400-3800-#map_74488700.png#.png,patches_200_pixel/patch-5200-3600-5400-3800-#map_74488700.png#.png,2
136,patch-2200-2000-2400-2200-#map_74488705.png#.png,patches_200_pixel/patch-2200-2000-2400-2200-#map_74488705.png#.png,2
137,patch-3000-4000-3200-4200-#map_74488618.png#.png,patches_200_pixel/patch-3000-4000-3200-4200-#map_74488618.png#.png,2
138,patch-400-3200-600-3400-#map_74489053.png#.png,patches_200_pixel/patch-400-3200-600-3400-#map_74489053.png#.png,2
139,patch-2800-5400-3000-5600-#map_74489053.png#.png,patches_200_pixel/patch-2800-5400-3000-5600-#map_74489053.png#.png,1
140,patch-1400-1000-1600-1200-#map_74489053.png#.png,patches_200_pixel/patch-1400-1000-1600-1200-#map_74489053.png#.png,1
141,patch-1400-2800-1600-3000-#map_74489053.png#.png,patches_200_pixel/patch-1400-2800-1600-3000-#map_74489053.png#.png,2
142,patch-800-4400-1000-4600-#map_74488700.png#.png,patches_200_pixel/patch-800-4400-1000-4600-#map_74488700.png#.png,1
143,patch-6200-2200-6400-2400-#map_74488689.png#.png,patches_200_pixel/patch-6200-2200-6400-2400-#map_74488689.png#.png,2
144,patch-6800-3400-7000-3600-#map_74488689.png#.png,patches_200_pixel/patch-6800-3400-7000-3600-#map_74488689.png#.png,2
145,patch-2800-1200-3000-1400-#map_74488618.png#.png,patches_200_pixel/patch-2800-1200-3000-1400-#map_74488618.png#.png,2
146,patch-3800-5200-4000-5400-#map_74488700.png#.png,patches_200_pixel/patch-3800-5200-4000-5400-#map_74488700.png#.png,1
147,patch-0-5600-200-5632-#map_74488586.png#.png,patches_200_pixel/patch-0-5600-200-5632-#map_74488586.png#.png,1
148,patch-0-4400-200-4600-#map_74488580.png#.png,patches_200_pixel/patch-0-4400-200-4600-#map_74488580.png#.png,1
149,patch-6600-3600-6800-3800-#map_74489035.png#.png,patches_200_pixel/patch-6600-3600-6800-3800-#map_74489035.png#.png,2
150,patch-3200-5400-3400-5600-#map_74488621.png#.png,patches_200_pixel/patch-3200-5400-3400-5600-#map_74488621.png#.png,2
151,patch-6400-5000-6600-5200-#map_74489035.png#.png,patches_200_pixel/patch-6400-5000-6600-5200-#map_74489035.png#.png,1
152,patch-1400-600-1600-800-#map_74489053.png#.png,patches_200_pixel/patch-1400-600-1600-800-#map_74489053.png#.png,2
153,patch-2600-2000-2800-2200-#map_74490389.png#.png,patches_200_pixel/patch-2600-2000-2800-2200-#map_74490389.png#.png,1
154,patch-2200-5000-2400-5200-#map_74488621.png#.png,patches_200_pixel/patch-2200-5000-2400-5200-#map_74488621.png#.png,2
155,patch-7600-200-7680-400-#map_74488621.png#.png,patches_200_pixel/patch-7600-200-7680-400-#map_74488621.png#.png,2
156,patch-3000-2200-3200-2400-#map_74488700.png#.png,patches_200_pixel/patch-3000-2200-3200-2400-#map_74488700.png#.png,1
157,patch-7000-2000-7200-2200-#map_74488700.png#.png,patches_200_pixel/patch-7000-2000-7200-2200-#map_74488700.png#.png,2
158,patch-3000-4000-3200-4200-#map_74488700.png#.png,patches_200_pixel/patch-3000-4000-3200-4200-#map_74488700.png#.png,2
159,patch-7000-1600-7200-1800-#map_74488742.png#.png,patches_200_pixel/patch-7000-1600-7200-1800-#map_74488742.png#.png,2
160,patch-2200-4600-2400-4800-#map_74488621.png#.png,patches_200_pixel/patch-2200-4600-2400-4800-#map_74488621.png#.png,2
161,patch-3400-3400-3600-3600-#map_74488618.png#.png,patches_200_pixel/patch-3400-3400-3600-3600-#map_74488618.png#.png,2
162,patch-2800-3400-3000-3600-#map_74488621.png#.png,patches_200_pixel/patch-2800-3400-3000-3600-#map_74488621.png#.png,1
163,patch-6800-2400-7000-2600-#map_74488621.png#.png,patches_200_pixel/patch-6800-2400-7000-2600-#map_74488621.png#.png,2
164,patch-7600-1800-7680-2000-#map_74488742.png#.png,patches_200_pixel/patch-7600-1800-7680-2000-#map_74488742.png#.png,2
165,patch-6400-800-6600-1000-#map_74490389.png#.png,patches_200_pixel/patch-6400-800-6600-1000-#map_74490389.png#.png,1
166,patch-7200-4400-7400-4600-#map_74488700.png#.png,patches_200_pixel/patch-7200-4400-7400-4600-#map_74488700.png#.png,2
167,patch-3600-1600-3800-1800-#map_74490389.png#.png,patches_200_pixel/patch-3600-1600-3800-1800-#map_74490389.png#.png,1
168,patch-0-4600-200-4800-#map_74488742.png#.png,patches_200_pixel/patch-0-4600-200-4800-#map_74488742.png#.png,1
169,patch-1800-1200-2000-1400-#map_74488618.png#.png,patches_200_pixel/patch-1800-1200-2000-1400-#map_74488618.png#.png,1
170,patch-0-400-200-600-#map_74488618.png#.png,patches_200_pixel/patch-0-400-200-600-#map_74488618.png#.png,2
171,patch-5200-2000-5400-2200-#map_74489053.png#.png,patches_200_pixel/patch-5200-2000-5400-2200-#map_74489053.png#.png,1
172,patch-5000-5000-5200-5200-#map_74488621.png#.png,patches_200_pixel/patch-5000-5000-5200-5200-#map_74488621.png#.png,2
173,patch-5000-4600-5200-4800-#map_74489053.png#.png,patches_200_pixel/patch-5000-4600-5200-4800-#map_74489053.png#.png,2
174,patch-600-1200-800-1400-#map_74488722.png#.png,patches_200_pixel/patch-600-1200-800-1400-#map_74488722.png#.png,1
175,patch-800-3000-1000-3200-#map_74490356.png#.png,patches_200_pixel/patch-800-3000-1000-3200-#map_74490356.png#.png,1
176,patch-7200-1200-7400-1400-#map_74490356.png#.png,patches_200_pixel/patch-7200-1200-7400-1400-#map_74490356.png#.png,1
177,patch-0-4800-200-5000-#map_74488621.png#.png,patches_200_pixel/patch-0-4800-200-5000-#map_74488621.png#.png,1
178,patch-5600-3800-5800-4000-#map_74490389.png#.png,patches_200_pixel/patch-5600-3800-5800-4000-#map_74490389.png#.png,2
179,patch-2000-5200-2200-5400-#map_74488586.png#.png,patches_200_pixel/patch-2000-5200-2200-5400-#map_74488586.png#.png,2
180,patch-7400-4600-7424-4800-#map_74489053.png#.png,patches_200_pixel/patch-7400-4600-7424-4800-#map_74489053.png#.png,1
181,patch-3400-2600-3600-2800-#map_74488722.png#.png,patches_200_pixel/patch-3400-2600-3600-2800-#map_74488722.png#.png,1
182,patch-5200-800-5400-1000-#map_74490389.png#.png,patches_200_pixel/patch-5200-800-5400-1000-#map_74490389.png#.png,1
183,patch-7200-5600-7400-5632-#map_74488742.png#.png,patches_200_pixel/patch-7200-5600-7400-5632-#map_74488742.png#.png,1
184,patch-2400-3000-2600-3200-#map_74488700.png#.png,patches_200_pixel/patch-2400-3000-2600-3200-#map_74488700.png#.png,1
185,patch-1600-5200-1800-5400-#map_74488618.png#.png,patches_200_pixel/patch-1600-5200-1800-5400-#map_74488618.png#.png,1
186,patch-5800-3200-6000-3400-#map_74489053.png#.png,patches_200_pixel/patch-5800-3200-6000-3400-#map_74489053.png#.png,1
187,patch-3400-2200-3600-2400-#map_74488618.png#.png,patches_200_pixel/patch-3400-2200-3600-2400-#map_74488618.png#.png,1
188,patch-6600-0-6800-200-#map_74488621.png#.png,patches_200_pixel/patch-6600-0-6800-200-#map_74488621.png#.png,1
189,patch-4600-2600-4800-2800-#map_74489053.png#.png,patches_200_pixel/patch-4600-2600-4800-2800-#map_74489053.png#.png,1
190,patch-6600-200-6800-400-#map_74488586.png#.png,patches_200_pixel/patch-6600-200-6800-400-#map_74488586.png#.png,2
191,patch-2600-1000-2800-1200-#map_74488621.png#.png,patches_200_pixel/patch-2600-1000-2800-1200-#map_74488621.png#.png,2
192,patch-2000-1400-2200-1600-#map_74490359.png#.png,patches_200_pixel/patch-2000-1400-2200-1600-#map_74490359.png#.png,1
193,patch-600-4800-800-5000-#map_74488705.png#.png,patches_200_pixel/patch-600-4800-800-5000-#map_74488705.png#.png,1
194,patch-400-2000-600-2200-#map_74488621.png#.png,patches_200_pixel/patch-400-2000-600-2200-#map_74488621.png#.png,1
195,patch-4800-0-5000-200-#map_74490359.png#.png,patches_200_pixel/patch-4800-0-5000-200-#map_74490359.png#.png,1
196,patch-2600-4000-2800-4200-#map_74490389.png#.png,patches_200_pixel/patch-2600-4000-2800-4200-#map_74490389.png#.png,1
197,patch-7400-2000-7600-2200-#map_74488621.png#.png,patches_200_pixel/patch-7400-2000-7600-2200-#map_74488621.png#.png,2
198,patch-6600-3200-6800-3400-#map_74490356.png#.png,patches_200_pixel/patch-6600-3200-6800-3400-#map_74490356.png#.png,1
199,patch-1000-2400-1200-2600-#map_74490389.png#.png,patches_200_pixel/patch-1000-2400-1200-2600-#map_74490389.png#.png,1
200,patch-200-5200-400-5400-#map_74490356.png#.png,patches_200_pixel/patch-200-5200-400-5400-#map_74490356.png#.png,1
201,patch-400-5400-600-5600-#map_74489053.png#.png,patches_200_pixel/patch-400-5400-600-5600-#map_74489053.png#.png,1
202,patch-2800-1600-3000-1800-#map_74488742.png#.png,patches_200_pixel/patch-2800-1600-3000-1800-#map_74488742.png#.png,1
203,patch-3200-2600-3400-2800-#map_74488742.png#.png,patches_200_pixel/patch-3200-2600-3400-2800-#map_74488742.png#.png,1
204,patch-5800-3400-6000-3600-#map_74488705.png#.png,patches_200_pixel/patch-5800-3400-6000-3600-#map_74488705.png#.png,1
205,patch-5800-5000-6000-5200-#map_74490359.png#.png,patches_200_pixel/patch-5800-5000-6000-5200-#map_74490359.png#.png,1
206,patch-6200-4400-6400-4600-#map_74488742.png#.png,patches_200_pixel/patch-6200-4400-6400-4600-#map_74488742.png#.png,1
207,patch-5000-3200-5200-3400-#map_74488586.png#.png,patches_200_pixel/patch-5000-3200-5200-3400-#map_74488586.png#.png,1
208,patch-400-200-600-400-#map_74489035.png#.png,patches_200_pixel/patch-400-200-600-400-#map_74489035.png#.png,1
209,patch-4000-2200-4200-2400-#map_74490356.png#.png,patches_200_pixel/patch-4000-2200-4200-2400-#map_74490356.png#.png,1
210,patch-7400-400-7600-600-#map_74490356.png#.png,patches_200_pixel/patch-7400-400-7600-600-#map_74490356.png#.png,1
211,patch-6400-1600-6600-1800-#map_74489053.png#.png,patches_200_pixel/patch-6400-1600-6600-1800-#map_74489053.png#.png,1
212,patch-7600-800-7680-1000-#map_74488621.png#.png,patches_200_pixel/patch-7600-800-7680-1000-#map_74488621.png#.png,1
213,patch-1600-1600-1800-1800-#map_74490359.png#.png,patches_200_pixel/patch-1600-1600-1800-1800-#map_74490359.png#.png,1
214,patch-5000-4400-5200-4600-#map_74488705.png#.png,patches_200_pixel/patch-5000-4400-5200-4600-#map_74488705.png#.png,1
215,patch-7400-1600-7424-1800-#map_74489053.png#.png,patches_200_pixel/patch-7400-1600-7424-1800-#map_74489053.png#.png,1
216,patch-6200-4400-6400-4600-#map_74488586.png#.png,patches_200_pixel/patch-6200-4400-6400-4600-#map_74488586.png#.png,1
217,patch-7600-600-7680-800-#map_74488722.png#.png,patches_200_pixel/patch-7600-600-7680-800-#map_74488722.png#.png,1
218,patch-6600-5600-6800-5800-#map_74490359.png#.png,patches_200_pixel/patch-6600-5600-6800-5800-#map_74490359.png#.png,1
219,patch-4400-4800-4600-5000-#map_74490359.png#.png,patches_200_pixel/patch-4400-4800-4600-5000-#map_74490359.png#.png,1
220,patch-6400-2400-6600-2600-#map_74488742.png#.png,patches_200_pixel/patch-6400-2400-6600-2600-#map_74488742.png#.png,1
221,patch-4800-5600-5000-5632-#map_74488586.png#.png,patches_200_pixel/patch-4800-5600-5000-5632-#map_74488586.png#.png,1
222,patch-6000-3800-6200-4000-#map_74487492.png#.png,patches_200_pixel/patch-6000-3800-6200-4000-#map_74487492.png#.png,1
223,patch-6800-4400-7000-4600-#map_74487492.png#.png,patches_200_pixel/patch-6800-4400-7000-4600-#map_74487492.png#.png,1
224,patch-7600-200-7680-400-#map_74488705.png#.png,patches_200_pixel/patch-7600-200-7680-400-#map_74488705.png#.png,1
225,patch-6400-600-6600-800-#map_74487492.png#.png,patches_200_pixel/patch-6400-600-6600-800-#map_74487492.png#.png,1
226,patch-2600-5200-2800-5400-#map_74487492.png#.png,patches_200_pixel/patch-2600-5200-2800-5400-#map_74487492.png#.png,1
227,patch-6600-1000-6800-1200-#map_74488580.png#.png,patches_200_pixel/patch-6600-1000-6800-1200-#map_74488580.png#.png,1
228,patch-800-3800-1000-4000-#map_74487492.png#.png,patches_200_pixel/patch-800-3800-1000-4000-#map_74487492.png#.png,1
229,patch-1600-600-1800-800-#map_74488586.png#.png,patches_200_pixel/patch-1600-600-1800-800-#map_74488586.png#.png,1
230,patch-3000-4200-3200-4400-#map_74487492.png#.png,patches_200_pixel/patch-3000-4200-3200-4400-#map_74487492.png#.png,1
231,patch-6400-5200-6600-5400-#map_74487492.png#.png,patches_200_pixel/patch-6400-5200-6600-5400-#map_74487492.png#.png,1
232,patch-400-4800-600-5000-#map_74488621.png#.png,patches_200_pixel/patch-400-4800-600-5000-#map_74488621.png#.png,2
233,patch-5200-5200-5400-5400-#map_74489035.png#.png,patches_200_pixel/patch-5200-5200-5400-5400-#map_74489035.png#.png,2
234,patch-3200-1800-3400-2000-#map_74488700.png#.png,patches_200_pixel/patch-3200-1800-3400-2000-#map_74488700.png#.png,2
235,patch-600-200-800-400-#map_74489053.png#.png,patches_200_pixel/patch-600-200-800-400-#map_74489053.png#.png,2
236,patch-1400-2400-1600-2600-#map_74489053.png#.png,patches_200_pixel/patch-1400-2400-1600-2600-#map_74489053.png#.png,2
237,patch-3400-5600-3600-5800-#map_74487492.png#.png,patches_200_pixel/patch-3400-5600-3600-5800-#map_74487492.png#.png,1
238,patch-6400-4400-6600-4600-#map_74490389.png#.png,patches_200_pixel/patch-6400-4400-6600-4600-#map_74490389.png#.png,1
239,patch-7400-1800-7424-2000-#map_74488689.png#.png,patches_200_pixel/patch-7400-1800-7424-2000-#map_74488689.png#.png,1
240,patch-6000-3200-6200-3400-#map_74488689.png#.png,patches_200_pixel/patch-6000-3200-6200-3400-#map_74488689.png#.png,2
241,patch-2000-3000-2200-3200-#map_74489035.png#.png,patches_200_pixel/patch-2000-3000-2200-3200-#map_74489035.png#.png,2
242,patch-4400-0-4600-200-#map_74488700.png#.png,patches_200_pixel/patch-4400-0-4600-200-#map_74488700.png#.png,1
243,patch-5400-1200-5600-1400-#map_74488586.png#.png,patches_200_pixel/patch-5400-1200-5600-1400-#map_74488586.png#.png,2
244,patch-6800-3600-7000-3800-#map_74489035.png#.png,patches_200_pixel/patch-6800-3600-7000-3800-#map_74489035.png#.png,2
245,patch-5000-3600-5200-3800-#map_74488700.png#.png,patches_200_pixel/patch-5000-3600-5200-3800-#map_74488700.png#.png,2
246,patch-200-3200-400-3400-#map_74488621.png#.png,patches_200_pixel/patch-200-3200-400-3400-#map_74488621.png#.png,1
247,patch-3000-3200-3200-3400-#map_74488722.png#.png,patches_200_pixel/patch-3000-3200-3200-3400-#map_74488722.png#.png,1
248,patch-7400-4200-7600-4400-#map_74488722.png#.png,patches_200_pixel/patch-7400-4200-7600-4400-#map_74488722.png#.png,2
249,patch-3600-1400-3800-1600-#map_74490356.png#.png,patches_200_pixel/patch-3600-1400-3800-1600-#map_74490356.png#.png,2
250,patch-3000-5400-3200-5600-#map_74488621.png#.png,patches_200_pixel/patch-3000-5400-3200-5600-#map_74488621.png#.png,2
251,patch-4600-1800-4800-2000-#map_74488618.png#.png,patches_200_pixel/patch-4600-1800-4800-2000-#map_74488618.png#.png,2
252,patch-6800-2400-7000-2600-#map_74488700.png#.png,patches_200_pixel/patch-6800-2400-7000-2600-#map_74488700.png#.png,2
253,patch-5000-4400-5200-4600-#map_74488621.png#.png,patches_200_pixel/patch-5000-4400-5200-4600-#map_74488621.png#.png,2
254,patch-6200-5400-6400-5600-#map_74487492.png#.png,patches_200_pixel/patch-6200-5400-6400-5600-#map_74487492.png#.png,1
255,patch-1600-3600-1800-3800-#map_74488700.png#.png,patches_200_pixel/patch-1600-3600-1800-3800-#map_74488700.png#.png,2
256,patch-800-1400-1000-1600-#map_74489053.png#.png,patches_200_pixel/patch-800-1400-1000-1600-#map_74489053.png#.png,2
257,patch-2200-2200-2400-2400-#map_74489035.png#.png,patches_200_pixel/patch-2200-2200-2400-2400-#map_74489035.png#.png,2
258,patch-3800-4800-4000-5000-#map_74488618.png#.png,patches_200_pixel/patch-3800-4800-4000-5000-#map_74488618.png#.png,2
259,patch-2600-200-2800-400-#map_74490389.png#.png,patches_200_pixel/patch-2600-200-2800-400-#map_74490389.png#.png,1
260,patch-1200-3000-1400-3200-#map_74489053.png#.png,patches_200_pixel/patch-1200-3000-1400-3200-#map_74489053.png#.png,2
261,patch-7400-4200-7600-4400-#map_74488705.png#.png,patches_200_pixel/patch-7400-4200-7600-4400-#map_74488705.png#.png,1
262,patch-0-4800-200-5000-#map_74488742.png#.png,patches_200_pixel/patch-0-4800-200-5000-#map_74488742.png#.png,1
263,patch-1200-4200-1400-4400-#map_74489035.png#.png,patches_200_pixel/patch-1200-4200-1400-4400-#map_74489035.png#.png,1
264,patch-7400-3400-7600-3600-#map_74490389.png#.png,patches_200_pixel/patch-7400-3400-7600-3600-#map_74490389.png#.png,2
265,patch-5800-2000-6000-2200-#map_74488722.png#.png,patches_200_pixel/patch-5800-2000-6000-2200-#map_74488722.png#.png,1
266,patch-6000-4600-6200-4800-#map_74488621.png#.png,patches_200_pixel/patch-6000-4600-6200-4800-#map_74488621.png#.png,2
267,patch-7400-3600-7600-3800-#map_74488742.png#.png,patches_200_pixel/patch-7400-3600-7600-3800-#map_74488742.png#.png,2
268,patch-1600-4200-1800-4400-#map_74488586.png#.png,patches_200_pixel/patch-1600-4200-1800-4400-#map_74488586.png#.png,2
269,patch-200-5800-400-5888-#map_74489053.png#.png,patches_200_pixel/patch-200-5800-400-5888-#map_74489053.png#.png,1
270,patch-3400-3200-3600-3400-#map_74488705.png#.png,patches_200_pixel/patch-3400-3200-3600-3400-#map_74488705.png#.png,2
271,patch-6800-2200-7000-2400-#map_74488689.png#.png,patches_200_pixel/patch-6800-2200-7000-2400-#map_74488689.png#.png,2
272,patch-7200-3800-7400-4000-#map_74488705.png#.png,patches_200_pixel/patch-7200-3800-7400-4000-#map_74488705.png#.png,2
273,patch-7600-2000-7680-2200-#map_74488705.png#.png,patches_200_pixel/patch-7600-2000-7680-2200-#map_74488705.png#.png,1
274,patch-3600-1200-3800-1400-#map_74488580.png#.png,patches_200_pixel/patch-3600-1200-3800-1400-#map_74488580.png#.png,1
275,patch-3600-5200-3800-5400-#map_74488689.png#.png,patches_200_pixel/patch-3600-5200-3800-5400-#map_74488689.png#.png,2
276,patch-400-2000-600-2200-#map_74490356.png#.png,patches_200_pixel/patch-400-2000-600-2200-#map_74490356.png#.png,1
277,patch-7400-5200-7600-5400-#map_74488722.png#.png,patches_200_pixel/patch-7400-5200-7600-5400-#map_74488722.png#.png,1
278,patch-5600-4000-5800-4200-#map_74490389.png#.png,patches_200_pixel/patch-5600-4000-5800-4200-#map_74490389.png#.png,1
279,patch-1600-2000-1800-2200-#map_74490356.png#.png,patches_200_pixel/patch-1600-2000-1800-2200-#map_74490356.png#.png,1
280,patch-5200-4200-5400-4400-#map_74488689.png#.png,patches_200_pixel/patch-5200-4200-5400-4400-#map_74488689.png#.png,1
281,patch-2800-3600-3000-3800-#map_74488742.png#.png,patches_200_pixel/patch-2800-3600-3000-3800-#map_74488742.png#.png,1
282,patch-800-5000-1000-5200-#map_74488722.png#.png,patches_200_pixel/patch-800-5000-1000-5200-#map_74488722.png#.png,1
283,patch-3400-1200-3600-1400-#map_74489035.png#.png,patches_200_pixel/patch-3400-1200-3600-1400-#map_74489035.png#.png,2
284,patch-3600-5400-3800-5600-#map_74488705.png#.png,patches_200_pixel/patch-3600-5400-3800-5600-#map_74488705.png#.png,1
285,patch-7200-4000-7400-4200-#map_74488621.png#.png,patches_200_pixel/patch-7200-4000-7400-4200-#map_74488621.png#.png,2
286,patch-1200-1600-1400-1800-#map_74488689.png#.png,patches_200_pixel/patch-1200-1600-1400-1800-#map_74488689.png#.png,1
287,patch-5000-2200-5200-2400-#map_74488689.png#.png,patches_200_pixel/patch-5000-2200-5200-2400-#map_74488689.png#.png,2
288,patch-6400-5600-6600-5800-#map_74490389.png#.png,patches_200_pixel/patch-6400-5600-6600-5800-#map_74490389.png#.png,1
289,patch-5000-5200-5200-5400-#map_74488742.png#.png,patches_200_pixel/patch-5000-5200-5200-5400-#map_74488742.png#.png,2
290,patch-6200-5600-6400-5632-#map_74489035.png#.png,patches_200_pixel/patch-6200-5600-6400-5632-#map_74489035.png#.png,1
291,patch-4400-5200-4600-5400-#map_74488618.png#.png,patches_200_pixel/patch-4400-5200-4600-5400-#map_74488618.png#.png,1
292,patch-3000-1400-3200-1600-#map_74489053.png#.png,patches_200_pixel/patch-3000-1400-3200-1600-#map_74489053.png#.png,1
293,patch-5200-1200-5400-1400-#map_74488580.png#.png,patches_200_pixel/patch-5200-1200-5400-1400-#map_74488580.png#.png,1
294,patch-6800-2200-7000-2400-#map_74488722.png#.png,patches_200_pixel/patch-6800-2200-7000-2400-#map_74488722.png#.png,1
295,patch-7000-800-7200-1000-#map_74488689.png#.png,patches_200_pixel/patch-7000-800-7200-1000-#map_74488689.png#.png,1
296,patch-1000-5200-1200-5400-#map_74489035.png#.png,patches_200_pixel/patch-1000-5200-1200-5400-#map_74489035.png#.png,1
297,patch-3200-4600-3400-4800-#map_74490356.png#.png,patches_200_pixel/patch-3200-4600-3400-4800-#map_74490356.png#.png,1
298,patch-7200-1200-7400-1400-#map_74488722.png#.png,patches_200_pixel/patch-7200-1200-7400-1400-#map_74488722.png#.png,1
299,patch-4800-2000-5000-2200-#map_74488742.png#.png,patches_200_pixel/patch-4800-2000-5000-2200-#map_74488742.png#.png,1
300,patch-400-0-600-200-#map_74488722.png#.png,patches_200_pixel/patch-400-0-600-200-#map_74488722.png#.png,1
301,patch-1600-600-1800-800-#map_74488618.png#.png,patches_200_pixel/patch-1600-600-1800-800-#map_74488618.png#.png,1
302,patch-7400-400-7424-600-#map_74489053.png#.png,patches_200_pixel/patch-7400-400-7424-600-#map_74489053.png#.png,1
303,patch-2800-3400-3000-3600-#map_74488742.png#.png,patches_200_pixel/patch-2800-3400-3000-3600-#map_74488742.png#.png,1
304,patch-600-5200-800-5400-#map_74490389.png#.png,patches_200_pixel/patch-600-5200-800-5400-#map_74490389.png#.png,1
305,patch-7600-5000-7680-5200-#map_74490356.png#.png,patches_200_pixel/patch-7600-5000-7680-5200-#map_74490356.png#.png,1
306,patch-6400-5200-6600-5400-#map_74489053.png#.png,patches_200_pixel/patch-6400-5200-6600-5400-#map_74489053.png#.png,1
307,patch-2200-0-2400-200-#map_74490389.png#.png,patches_200_pixel/patch-2200-0-2400-200-#map_74490389.png#.png,1
308,patch-4600-800-4800-1000-#map_74490389.png#.png,patches_200_pixel/patch-4600-800-4800-1000-#map_74490389.png#.png,1
309,patch-2000-400-2200-600-#map_74488618.png#.png,patches_200_pixel/patch-2000-400-2200-600-#map_74488618.png#.png,1
310,patch-2800-5600-3000-5632-#map_74488586.png#.png,patches_200_pixel/patch-2800-5600-3000-5632-#map_74488586.png#.png,1
311,patch-5400-800-5600-1000-#map_74488580.png#.png,patches_200_pixel/patch-5400-800-5600-1000-#map_74488580.png#.png,1
312,patch-2600-5000-2800-5200-#map_74488580.png#.png,patches_200_pixel/patch-2600-5000-2800-5200-#map_74488580.png#.png,1
313,patch-800-600-1000-800-#map_74488742.png#.png,patches_200_pixel/patch-800-600-1000-800-#map_74488742.png#.png,1
314,patch-5000-3000-5200-3200-#map_74488586.png#.png,patches_200_pixel/patch-5000-3000-5200-3200-#map_74488586.png#.png,2
315,patch-2000-0-2200-200-#map_74490389.png#.png,patches_200_pixel/patch-2000-0-2200-200-#map_74490389.png#.png,1
316,patch-2800-800-3000-1000-#map_74488700.png#.png,patches_200_pixel/patch-2800-800-3000-1000-#map_74488700.png#.png,1
317,patch-3800-3000-4000-3200-#map_74490359.png#.png,patches_200_pixel/patch-3800-3000-4000-3200-#map_74490359.png#.png,1
318,patch-2400-4800-2600-5000-#map_74490359.png#.png,patches_200_pixel/patch-2400-4800-2600-5000-#map_74490359.png#.png,1
319,patch-6000-200-6200-400-#map_74488689.png#.png,patches_200_pixel/patch-6000-200-6200-400-#map_74488689.png#.png,1
320,patch-800-3800-1000-4000-#map_74488689.png#.png,patches_200_pixel/patch-800-3800-1000-4000-#map_74488689.png#.png,1
321,patch-4600-1400-4800-1600-#map_74489053.png#.png,patches_200_pixel/patch-4600-1400-4800-1600-#map_74489053.png#.png,1
322,patch-600-3600-800-3800-#map_74487492.png#.png,patches_200_pixel/patch-600-3600-800-3800-#map_74487492.png#.png,1
323,patch-1400-3400-1600-3600-#map_74488580.png#.png,patches_200_pixel/patch-1400-3400-1600-3600-#map_74488580.png#.png,1
324,patch-600-3800-800-4000-#map_74488580.png#.png,patches_200_pixel/patch-600-3800-800-4000-#map_74488580.png#.png,1
325,patch-6800-400-7000-600-#map_74487492.png#.png,patches_200_pixel/patch-6800-400-7000-600-#map_74487492.png#.png,1
326,patch-1800-1800-2000-2000-#map_74488580.png#.png,patches_200_pixel/patch-1800-1800-2000-2000-#map_74488580.png#.png,1
327,patch-3000-4400-3200-4600-#map_74487492.png#.png,patches_200_pixel/patch-3000-4400-3200-4600-#map_74487492.png#.png,1
328,patch-4400-3200-4600-3400-#map_74487492.png#.png,patches_200_pixel/patch-4400-3200-4600-3400-#map_74487492.png#.png,1
329,patch-3000-400-3200-600-#map_74488580.png#.png,patches_200_pixel/patch-3000-400-3200-600-#map_74488580.png#.png,1
330,patch-3000-1200-3200-1400-#map_74487492.png#.png,patches_200_pixel/patch-3000-1200-3200-1400-#map_74487492.png#.png,1
331,patch-2000-2000-2200-2200-#map_74487492.png#.png,patches_200_pixel/patch-2000-2000-2200-2200-#map_74487492.png#.png,1
332,patch-4800-4400-5000-4600-#map_74488689.png#.png,patches_200_pixel/patch-4800-4400-5000-4600-#map_74488689.png#.png,2
333,patch-6400-5400-6600-5600-#map_74488722.png#.png,patches_200_pixel/patch-6400-5400-6600-5600-#map_74488722.png#.png,2
334,patch-400-3800-600-4000-#map_74489053.png#.png,patches_200_pixel/patch-400-3800-600-4000-#map_74489053.png#.png,1
335,patch-2200-2400-2400-2600-#map_74489053.png#.png,patches_200_pixel/patch-2200-2400-2400-2600-#map_74489053.png#.png,1
336,patch-2600-4600-2800-4800-#map_74488742.png#.png,patches_200_pixel/patch-2600-4600-2800-4800-#map_74488742.png#.png,1
337,patch-4200-0-4400-200-#map_74488700.png#.png,patches_200_pixel/patch-4200-0-4400-200-#map_74488700.png#.png,2
338,patch-3000-1800-3200-2000-#map_74489035.png#.png,patches_200_pixel/patch-3000-1800-3200-2000-#map_74489035.png#.png,2
339,patch-4200-800-4400-1000-#map_74488705.png#.png,patches_200_pixel/patch-4200-800-4400-1000-#map_74488705.png#.png,2
340,patch-5400-5000-5600-5200-#map_74488689.png#.png,patches_200_pixel/patch-5400-5000-5600-5200-#map_74488689.png#.png,2
341,patch-2400-1000-2600-1200-#map_74488722.png#.png,patches_200_pixel/patch-2400-1000-2600-1200-#map_74488722.png#.png,2
342,patch-6200-2400-6400-2600-#map_74490356.png#.png,patches_200_pixel/patch-6200-2400-6400-2600-#map_74490356.png#.png,2
343,patch-1400-1600-1600-1800-#map_74488621.png#.png,patches_200_pixel/patch-1400-1600-1600-1800-#map_74488621.png#.png,2
344,patch-4600-1400-4800-1600-#map_74488705.png#.png,patches_200_pixel/patch-4600-1400-4800-1600-#map_74488705.png#.png,2
345,patch-6200-3800-6400-4000-#map_74488621.png#.png,patches_200_pixel/patch-6200-3800-6400-4000-#map_74488621.png#.png,2
346,patch-5400-1600-5600-1800-#map_74488689.png#.png,patches_200_pixel/patch-5400-1600-5600-1800-#map_74488689.png#.png,2
347,patch-3800-600-4000-800-#map_74488580.png#.png,patches_200_pixel/patch-3800-600-4000-800-#map_74488580.png#.png,2
348,patch-3400-5200-3600-5400-#map_74489035.png#.png,patches_200_pixel/patch-3400-5200-3600-5400-#map_74489035.png#.png,2
349,patch-3000-2400-3200-2600-#map_74489035.png#.png,patches_200_pixel/patch-3000-2400-3200-2600-#map_74489035.png#.png,2
350,patch-3000-5000-3200-5200-#map_74488689.png#.png,patches_200_pixel/patch-3000-5000-3200-5200-#map_74488689.png#.png,2
351,patch-4200-3600-4400-3800-#map_74488689.png#.png,patches_200_pixel/patch-4200-3600-4400-3800-#map_74488689.png#.png,2
352,patch-5800-3200-6000-3400-#map_74488700.png#.png,patches_200_pixel/patch-5800-3200-6000-3400-#map_74488700.png#.png,2
353,patch-7400-2600-7424-2800-#map_74489035.png#.png,patches_200_pixel/patch-7400-2600-7424-2800-#map_74489035.png#.png,1
354,patch-7400-5200-7424-5400-#map_74488700.png#.png,patches_200_pixel/patch-7400-5200-7424-5400-#map_74488700.png#.png,1
355,patch-2200-2600-2400-2800-#map_74488705.png#.png,patches_200_pixel/patch-2200-2600-2400-2800-#map_74488705.png#.png,2
356,patch-600-5600-800-5800-#map_74488722.png#.png,patches_200_pixel/patch-600-5600-800-5800-#map_74488722.png#.png,2
357,patch-2800-3400-3000-3600-#map_74488689.png#.png,patches_200_pixel/patch-2800-3400-3000-3600-#map_74488689.png#.png,2
358,patch-2600-3200-2800-3400-#map_74490356.png#.png,patches_200_pixel/patch-2600-3200-2800-3400-#map_74490356.png#.png,1
359,patch-0-4000-200-4200-#map_74489053.png#.png,patches_200_pixel/patch-0-4000-200-4200-#map_74489053.png#.png,1
360,patch-400-1200-600-1400-#map_74488700.png#.png,patches_200_pixel/patch-400-1200-600-1400-#map_74488700.png#.png,2
361,patch-2200-1400-2400-1600-#map_74488689.png#.png,patches_200_pixel/patch-2200-1400-2400-1600-#map_74488689.png#.png,2
362,patch-800-3400-1000-3600-#map_74489035.png#.png,patches_200_pixel/patch-800-3400-1000-3600-#map_74489035.png#.png,2
363,patch-4600-5200-4800-5400-#map_74490359.png#.png,patches_200_pixel/patch-4600-5200-4800-5400-#map_74490359.png#.png,2
364,patch-400-4200-600-4400-#map_74488705.png#.png,patches_200_pixel/patch-400-4200-600-4400-#map_74488705.png#.png,1
365,patch-5200-2200-5400-2400-#map_74488705.png#.png,patches_200_pixel/patch-5200-2200-5400-2400-#map_74488705.png#.png,1
366,patch-200-2600-400-2800-#map_74488705.png#.png,patches_200_pixel/patch-200-2600-400-2800-#map_74488705.png#.png,2
367,patch-6600-5000-6800-5200-#map_74488705.png#.png,patches_200_pixel/patch-6600-5000-6800-5200-#map_74488705.png#.png,2
368,patch-5400-5400-5600-5600-#map_74489035.png#.png,patches_200_pixel/patch-5400-5400-5600-5600-#map_74489035.png#.png,2
369,patch-1000-3200-1200-3400-#map_74488621.png#.png,patches_200_pixel/patch-1000-3200-1200-3400-#map_74488621.png#.png,2
370,patch-5200-4800-5400-5000-#map_74488621.png#.png,patches_200_pixel/patch-5200-4800-5400-5000-#map_74488621.png#.png,2
371,patch-1800-2200-2000-2400-#map_74488586.png#.png,patches_200_pixel/patch-1800-2200-2000-2400-#map_74488586.png#.png,2
372,patch-1000-1800-1200-2000-#map_74488621.png#.png,patches_200_pixel/patch-1000-1800-1200-2000-#map_74488621.png#.png,1
373,patch-1600-4600-1800-4800-#map_74489053.png#.png,patches_200_pixel/patch-1600-4600-1800-4800-#map_74489053.png#.png,1
374,patch-400-5400-600-5600-#map_74489035.png#.png,patches_200_pixel/patch-400-5400-600-5600-#map_74489035.png#.png,2
375,patch-4400-4600-4600-4800-#map_74489035.png#.png,patches_200_pixel/patch-4400-4600-4600-4800-#map_74489035.png#.png,2
376,patch-6600-4000-6800-4200-#map_74488705.png#.png,patches_200_pixel/patch-6600-4000-6800-4200-#map_74488705.png#.png,1
377,patch-4600-3200-4800-3400-#map_74488705.png#.png,patches_200_pixel/patch-4600-3200-4800-3400-#map_74488705.png#.png,2
378,patch-4800-1800-5000-2000-#map_74490389.png#.png,patches_200_pixel/patch-4800-1800-5000-2000-#map_74490389.png#.png,1
379,patch-5200-4600-5400-4800-#map_74488705.png#.png,patches_200_pixel/patch-5200-4600-5400-4800-#map_74488705.png#.png,2
380,patch-5000-1400-5200-1600-#map_74488586.png#.png,patches_200_pixel/patch-5000-1400-5200-1600-#map_74488586.png#.png,2
381,patch-0-4200-200-4400-#map_74490389.png#.png,patches_200_pixel/patch-0-4200-200-4400-#map_74490389.png#.png,2
382,patch-4800-3400-5000-3600-#map_74488742.png#.png,patches_200_pixel/patch-4800-3400-5000-3600-#map_74488742.png#.png,2
383,patch-4400-4600-4600-4800-#map_74488618.png#.png,patches_200_pixel/patch-4400-4600-4600-4800-#map_74488618.png#.png,1
384,patch-7000-2200-7200-2400-#map_74489053.png#.png,patches_200_pixel/patch-7000-2200-7200-2400-#map_74489053.png#.png,1
385,patch-1000-1800-1200-2000-#map_74488705.png#.png,patches_200_pixel/patch-1000-1800-1200-2000-#map_74488705.png#.png,2
386,patch-4400-4600-4600-4800-#map_74488742.png#.png,patches_200_pixel/patch-4400-4600-4600-4800-#map_74488742.png#.png,1
387,patch-5000-5600-5200-5800-#map_74488700.png#.png,patches_200_pixel/patch-5000-5600-5200-5800-#map_74488700.png#.png,1
388,patch-6600-4400-6800-4600-#map_74488618.png#.png,patches_200_pixel/patch-6600-4400-6800-4600-#map_74488618.png#.png,1
389,patch-600-0-800-200-#map_74490359.png#.png,patches_200_pixel/patch-600-0-800-200-#map_74490359.png#.png,1
390,patch-3400-5000-3600-5200-#map_74488586.png#.png,patches_200_pixel/patch-3400-5000-3600-5200-#map_74488586.png#.png,2
391,patch-2600-5200-2800-5400-#map_74490356.png#.png,patches_200_pixel/patch-2600-5200-2800-5400-#map_74490356.png#.png,1
392,patch-4600-2000-4800-2200-#map_74488689.png#.png,patches_200_pixel/patch-4600-2000-4800-2200-#map_74488689.png#.png,1
393,patch-4800-4400-5000-4600-#map_74490356.png#.png,patches_200_pixel/patch-4800-4400-5000-4600-#map_74490356.png#.png,1
394,patch-800-5000-1000-5200-#map_74489035.png#.png,patches_200_pixel/patch-800-5000-1000-5200-#map_74489035.png#.png,1
395,patch-6200-5200-6400-5400-#map_74488586.png#.png,patches_200_pixel/patch-6200-5200-6400-5400-#map_74488586.png#.png,1
396,patch-6600-5200-6800-5400-#map_74490356.png#.png,patches_200_pixel/patch-6600-5200-6800-5400-#map_74490356.png#.png,1
397,patch-2800-4000-3000-4200-#map_74490389.png#.png,patches_200_pixel/patch-2800-4000-3000-4200-#map_74490389.png#.png,1
398,patch-4600-1400-4800-1600-#map_74488580.png#.png,patches_200_pixel/patch-4600-1400-4800-1600-#map_74488580.png#.png,2
399,patch-7000-4400-7200-4600-#map_74488586.png#.png,patches_200_pixel/patch-7000-4400-7200-4600-#map_74488586.png#.png,1
400,patch-5400-4000-5600-4200-#map_74490389.png#.png,patches_200_pixel/patch-5400-4000-5600-4200-#map_74490389.png#.png,1
401,patch-1200-2000-1400-2200-#map_74490389.png#.png,patches_200_pixel/patch-1200-2000-1400-2200-#map_74490389.png#.png,1
402,patch-7600-2000-7680-2200-#map_74488722.png#.png,patches_200_pixel/patch-7600-2000-7680-2200-#map_74488722.png#.png,1
403,patch-5600-1000-5800-1200-#map_74488621.png#.png,patches_200_pixel/patch-5600-1000-5800-1200-#map_74488621.png#.png,2
404,patch-600-5400-800-5600-#map_74489053.png#.png,patches_200_pixel/patch-600-5400-800-5600-#map_74489053.png#.png,1
405,patch-4800-4000-5000-4200-#map_74488742.png#.png,patches_200_pixel/patch-4800-4000-5000-4200-#map_74488742.png#.png,1
406,patch-3800-5400-4000-5600-#map_74490389.png#.png,patches_200_pixel/patch-3800-5400-4000-5600-#map_74490389.png#.png,1
407,patch-5400-1000-5600-1200-#map_74488618.png#.png,patches_200_pixel/patch-5400-1000-5600-1200-#map_74488618.png#.png,1
408,patch-0-1800-200-2000-#map_74488621.png#.png,patches_200_pixel/patch-0-1800-200-2000-#map_74488621.png#.png,1
409,patch-3400-5400-3600-5600-#map_74488705.png#.png,patches_200_pixel/patch-3400-5400-3600-5600-#map_74488705.png#.png,1
410,patch-4800-5800-5000-5888-#map_74490389.png#.png,patches_200_pixel/patch-4800-5800-5000-5888-#map_74490389.png#.png,1
411,patch-6600-600-6800-800-#map_74488618.png#.png,patches_200_pixel/patch-6600-600-6800-800-#map_74488618.png#.png,1
412,patch-6000-5800-6200-5888-#map_74489053.png#.png,patches_200_pixel/patch-6000-5800-6200-5888-#map_74489053.png#.png,1
413,patch-3800-4600-4000-4800-#map_74488586.png#.png,patches_200_pixel/patch-3800-4600-4000-4800-#map_74488586.png#.png,1
414,patch-3000-2400-3200-2600-#map_74490359.png#.png,patches_200_pixel/patch-3000-2400-3200-2600-#map_74490359.png#.png,1
415,patch-200-3200-400-3400-#map_74490359.png#.png,patches_200_pixel/patch-200-3200-400-3400-#map_74490359.png#.png,1
416,patch-4600-5000-4800-5200-#map_74488705.png#.png,patches_200_pixel/patch-4600-5000-4800-5200-#map_74488705.png#.png,1
417,patch-2800-1000-3000-1200-#map_74489053.png#.png,patches_200_pixel/patch-2800-1000-3000-1200-#map_74489053.png#.png,1
418,patch-6200-2000-6400-2200-#map_74488580.png#.png,patches_200_pixel/patch-6200-2000-6400-2200-#map_74488580.png#.png,1
419,patch-4800-3800-5000-4000-#map_74490359.png#.png,patches_200_pixel/patch-4800-3800-5000-4000-#map_74490359.png#.png,1
420,patch-3800-800-4000-1000-#map_74488742.png#.png,patches_200_pixel/patch-3800-800-4000-1000-#map_74488742.png#.png,1
421,patch-4400-4400-4600-4600-#map_74488722.png#.png,patches_200_pixel/patch-4400-4400-4600-4600-#map_74488722.png#.png,1
422,patch-2000-2800-2200-3000-#map_74488580.png#.png,patches_200_pixel/patch-2000-2800-2200-3000-#map_74488580.png#.png,1
423,patch-5200-2800-5400-3000-#map_74487492.png#.png,patches_200_pixel/patch-5200-2800-5400-3000-#map_74487492.png#.png,1
424,patch-800-400-1000-600-#map_74487492.png#.png,patches_200_pixel/patch-800-400-1000-600-#map_74487492.png#.png,1
425,patch-6000-2600-6200-2800-#map_74487492.png#.png,patches_200_pixel/patch-6000-2600-6200-2800-#map_74487492.png#.png,1
426,patch-2600-400-2800-600-#map_74488580.png#.png,patches_200_pixel/patch-2600-400-2800-600-#map_74488580.png#.png,1
427,patch-1400-1000-1600-1200-#map_74488586.png#.png,patches_200_pixel/patch-1400-1000-1600-1200-#map_74488586.png#.png,1
428,patch-2000-3200-2200-3400-#map_74487492.png#.png,patches_200_pixel/patch-2000-3200-2200-3400-#map_74487492.png#.png,1
429,patch-1000-0-1200-200-#map_74488586.png#.png,patches_200_pixel/patch-1000-0-1200-200-#map_74488586.png#.png,1
430,patch-800-3000-1000-3200-#map_74488580.png#.png,patches_200_pixel/patch-800-3000-1000-3200-#map_74488580.png#.png,1
431,patch-200-0-400-200-#map_74488586.png#.png,patches_200_pixel/patch-200-0-400-200-#map_74488586.png#.png,1
432,patch-2600-2400-2800-2600-#map_74489053.png#.png,patches_200_pixel/patch-2600-2400-2800-2600-#map_74489053.png#.png,2
433,patch-4000-1200-4200-1400-#map_74489053.png#.png,patches_200_pixel/patch-4000-1200-4200-1400-#map_74489053.png#.png,2
434,patch-4400-3000-4600-3200-#map_74488618.png#.png,patches_200_pixel/patch-4400-3000-4600-3200-#map_74488618.png#.png,2
435,patch-2000-5400-2200-5600-#map_74488580.png#.png,patches_200_pixel/patch-2000-5400-2200-5600-#map_74488580.png#.png,1
436,patch-7200-5200-7400-5400-#map_74489035.png#.png,patches_200_pixel/patch-7200-5200-7400-5400-#map_74489035.png#.png,2
437,patch-1200-5800-1400-5888-#map_74488580.png#.png,patches_200_pixel/patch-1200-5800-1400-5888-#map_74488580.png#.png,1
438,patch-1600-2400-1800-2600-#map_74490356.png#.png,patches_200_pixel/patch-1600-2400-1800-2600-#map_74490356.png#.png,2
439,patch-1200-5200-1400-5400-#map_74490356.png#.png,patches_200_pixel/patch-1200-5200-1400-5400-#map_74490356.png#.png,2
440,patch-4800-3800-5000-4000-#map_74488722.png#.png,patches_200_pixel/patch-4800-3800-5000-4000-#map_74488722.png#.png,2
441,patch-5400-0-5600-200-#map_74489035.png#.png,patches_200_pixel/patch-5400-0-5600-200-#map_74489035.png#.png,2
442,patch-1400-4800-1600-5000-#map_74488621.png#.png,patches_200_pixel/patch-1400-4800-1600-5000-#map_74488621.png#.png,1
443,patch-2800-3400-3000-3600-#map_74488700.png#.png,patches_200_pixel/patch-2800-3400-3000-3600-#map_74488700.png#.png,1
444,patch-3800-2400-4000-2600-#map_74488700.png#.png,patches_200_pixel/patch-3800-2400-4000-2600-#map_74488700.png#.png,2
445,patch-7000-4000-7200-4200-#map_74488700.png#.png,patches_200_pixel/patch-7000-4000-7200-4200-#map_74488700.png#.png,2
446,patch-3400-5000-3600-5200-#map_74489053.png#.png,patches_200_pixel/patch-3400-5000-3600-5200-#map_74489053.png#.png,2
447,patch-7400-4000-7600-4200-#map_74488722.png#.png,patches_200_pixel/patch-7400-4000-7600-4200-#map_74488722.png#.png,1
448,patch-6800-1400-7000-1600-#map_74488722.png#.png,patches_200_pixel/patch-6800-1400-7000-1600-#map_74488722.png#.png,1
449,patch-7200-3600-7400-3800-#map_74488618.png#.png,patches_200_pixel/patch-7200-3600-7400-3800-#map_74488618.png#.png,1
450,patch-1200-1200-1400-1400-#map_74489053.png#.png,patches_200_pixel/patch-1200-1200-1400-1400-#map_74489053.png#.png,2
451,patch-4600-3400-4800-3600-#map_74488618.png#.png,patches_200_pixel/patch-4600-3400-4800-3600-#map_74488618.png#.png,1
452,patch-4600-400-4800-600-#map_74489053.png#.png,patches_200_pixel/patch-4600-400-4800-600-#map_74489053.png#.png,1
453,patch-3400-1400-3600-1600-#map_74488705.png#.png,patches_200_pixel/patch-3400-1400-3600-1600-#map_74488705.png#.png,2
454,patch-1600-800-1800-1000-#map_74488742.png#.png,patches_200_pixel/patch-1600-800-1800-1000-#map_74488742.png#.png,1
455,patch-7000-2800-7200-3000-#map_74489035.png#.png,patches_200_pixel/patch-7000-2800-7200-3000-#map_74489035.png#.png,1
456,patch-1000-600-1200-800-#map_74488705.png#.png,patches_200_pixel/patch-1000-600-1200-800-#map_74488705.png#.png,1
457,patch-400-4400-600-4600-#map_74488586.png#.png,patches_200_pixel/patch-400-4400-600-4600-#map_74488586.png#.png,2
458,patch-5000-1000-5200-1200-#map_74488586.png#.png,patches_200_pixel/patch-5000-1000-5200-1200-#map_74488586.png#.png,2
459,patch-2800-2400-3000-2600-#map_74488618.png#.png,patches_200_pixel/patch-2800-2400-3000-2600-#map_74488618.png#.png,1
460,patch-6400-3000-6600-3200-#map_74488621.png#.png,patches_200_pixel/patch-6400-3000-6600-3200-#map_74488621.png#.png,2
461,patch-600-3800-800-4000-#map_74489053.png#.png,patches_200_pixel/patch-600-3800-800-4000-#map_74489053.png#.png,1
462,patch-200-3600-400-3800-#map_74489053.png#.png,patches_200_pixel/patch-200-3600-400-3800-#map_74489053.png#.png,1
463,patch-2200-2200-2400-2400-#map_74488621.png#.png,patches_200_pixel/patch-2200-2200-2400-2400-#map_74488621.png#.png,1
464,patch-1400-4400-1600-4600-#map_74488586.png#.png,patches_200_pixel/patch-1400-4400-1600-4600-#map_74488586.png#.png,2
465,patch-5800-5200-6000-5400-#map_74488742.png#.png,patches_200_pixel/patch-5800-5200-6000-5400-#map_74488742.png#.png,2
466,patch-2600-4400-2800-4600-#map_74488621.png#.png,patches_200_pixel/patch-2600-4400-2800-4600-#map_74488621.png#.png,1
467,patch-6000-4600-6200-4800-#map_74488705.png#.png,patches_200_pixel/patch-6000-4600-6200-4800-#map_74488705.png#.png,1
468,patch-2400-4000-2600-4200-#map_74488700.png#.png,patches_200_pixel/patch-2400-4000-2600-4200-#map_74488700.png#.png,2
469,patch-5200-2200-5400-2400-#map_74488621.png#.png,patches_200_pixel/patch-5200-2200-5400-2400-#map_74488621.png#.png,2
470,patch-3000-5800-3200-5888-#map_74488700.png#.png,patches_200_pixel/patch-3000-5800-3200-5888-#map_74488700.png#.png,2
471,patch-7200-5200-7400-5400-#map_74488742.png#.png,patches_200_pixel/patch-7200-5200-7400-5400-#map_74488742.png#.png,2
472,patch-6600-5200-6800-5400-#map_74488742.png#.png,patches_200_pixel/patch-6600-5200-6800-5400-#map_74488742.png#.png,2
473,patch-2800-1000-3000-1200-#map_74488586.png#.png,patches_200_pixel/patch-2800-1000-3000-1200-#map_74488586.png#.png,2
474,patch-5600-1800-5800-2000-#map_74488621.png#.png,patches_200_pixel/patch-5600-1800-5800-2000-#map_74488621.png#.png,2
475,patch-800-400-1000-600-#map_74488618.png#.png,patches_200_pixel/patch-800-400-1000-600-#map_74488618.png#.png,1
476,patch-6400-4800-6600-5000-#map_74490356.png#.png,patches_200_pixel/patch-6400-4800-6600-5000-#map_74490356.png#.png,1
477,patch-3200-3400-3400-3600-#map_74490356.png#.png,patches_200_pixel/patch-3200-3400-3400-3600-#map_74490356.png#.png,1
478,patch-1600-1400-1800-1600-#map_74490356.png#.png,patches_200_pixel/patch-1600-1400-1800-1600-#map_74490356.png#.png,1
479,patch-600-3600-800-3800-#map_74489035.png#.png,patches_200_pixel/patch-600-3600-800-3800-#map_74489035.png#.png,2
480,patch-400-3000-600-3200-#map_74490356.png#.png,patches_200_pixel/patch-400-3000-600-3200-#map_74490356.png#.png,1
481,patch-1800-3400-2000-3600-#map_74488621.png#.png,patches_200_pixel/patch-1800-3400-2000-3600-#map_74488621.png#.png,1
482,patch-3200-400-3400-600-#map_74488722.png#.png,patches_200_pixel/patch-3200-400-3400-600-#map_74488722.png#.png,1
483,patch-2800-200-3000-400-#map_74488618.png#.png,patches_200_pixel/patch-2800-200-3000-400-#map_74488618.png#.png,2
484,patch-4800-5200-5000-5400-#map_74488705.png#.png,patches_200_pixel/patch-4800-5200-5000-5400-#map_74488705.png#.png,1
485,patch-0-4000-200-4200-#map_74488621.png#.png,patches_200_pixel/patch-0-4000-200-4200-#map_74488621.png#.png,1
486,patch-3400-1600-3600-1800-#map_74488742.png#.png,patches_200_pixel/patch-3400-1600-3600-1800-#map_74488742.png#.png,1
487,patch-6600-1800-6800-2000-#map_74488722.png#.png,patches_200_pixel/patch-6600-1800-6800-2000-#map_74488722.png#.png,1
488,patch-5600-2800-5800-3000-#map_74488621.png#.png,patches_200_pixel/patch-5600-2800-5800-3000-#map_74488621.png#.png,1
489,patch-3600-4400-3800-4600-#map_74488722.png#.png,patches_200_pixel/patch-3600-4400-3800-4600-#map_74488722.png#.png,1
490,patch-5800-4000-6000-4200-#map_74488722.png#.png,patches_200_pixel/patch-5800-4000-6000-4200-#map_74488722.png#.png,1
491,patch-1000-2400-1200-2600-#map_74490356.png#.png,patches_200_pixel/patch-1000-2400-1200-2600-#map_74490356.png#.png,1
492,patch-3400-5400-3600-5600-#map_74489053.png#.png,patches_200_pixel/patch-3400-5400-3600-5600-#map_74489053.png#.png,1
493,patch-6800-4800-7000-5000-#map_74490359.png#.png,patches_200_pixel/patch-6800-4800-7000-5000-#map_74490359.png#.png,1
494,patch-0-2000-200-2200-#map_74488621.png#.png,patches_200_pixel/patch-0-2000-200-2200-#map_74488621.png#.png,1
495,patch-3200-5000-3400-5200-#map_74488580.png#.png,patches_200_pixel/patch-3200-5000-3400-5200-#map_74488580.png#.png,1
496,patch-3400-3200-3600-3400-#map_74488586.png#.png,patches_200_pixel/patch-3400-3200-3600-3400-#map_74488586.png#.png,2
497,patch-3000-2600-3200-2800-#map_74488705.png#.png,patches_200_pixel/patch-3000-2600-3200-2800-#map_74488705.png#.png,1
498,patch-3600-4600-3800-4800-#map_74488586.png#.png,patches_200_pixel/patch-3600-4600-3800-4800-#map_74488586.png#.png,1
499,patch-6600-5600-6800-5800-#map_74490356.png#.png,patches_200_pixel/patch-6600-5600-6800-5800-#map_74490356.png#.png,1
500,patch-6400-2000-6600-2200-#map_74488621.png#.png,patches_200_pixel/patch-6400-2000-6600-2200-#map_74488621.png#.png,2
501,patch-1600-400-1800-600-#map_74488705.png#.png,patches_200_pixel/patch-1600-400-1800-600-#map_74488705.png#.png,2
502,patch-7400-4600-7424-4800-#map_74488700.png#.png,patches_200_pixel/patch-7400-4600-7424-4800-#map_74488700.png#.png,1
503,patch-400-4200-600-4400-#map_74488742.png#.png,patches_200_pixel/patch-400-4200-600-4400-#map_74488742.png#.png,1
504,patch-5200-2800-5400-3000-#map_74488580.png#.png,patches_200_pixel/patch-5200-2800-5400-3000-#map_74488580.png#.png,1
505,patch-2800-4200-3000-4400-#map_74488705.png#.png,patches_200_pixel/patch-2800-4200-3000-4400-#map_74488705.png#.png,1
506,patch-7600-5600-7680-5632-#map_74488621.png#.png,patches_200_pixel/patch-7600-5600-7680-5632-#map_74488621.png#.png,1
507,patch-1000-5800-1200-5888-#map_74488700.png#.png,patches_200_pixel/patch-1000-5800-1200-5888-#map_74488700.png#.png,1
508,patch-800-4000-1000-4200-#map_74488689.png#.png,patches_200_pixel/patch-800-4000-1000-4200-#map_74488689.png#.png,1
509,patch-3000-0-3200-200-#map_74489035.png#.png,patches_200_pixel/patch-3000-0-3200-200-#map_74489035.png#.png,1
510,patch-6600-2600-6800-2800-#map_74488618.png#.png,patches_200_pixel/patch-6600-2600-6800-2800-#map_74488618.png#.png,1
511,patch-4400-4200-4600-4400-#map_74488722.png#.png,patches_200_pixel/patch-4400-4200-4600-4400-#map_74488722.png#.png,1
512,patch-2000-2200-2200-2400-#map_74490359.png#.png,patches_200_pixel/patch-2000-2200-2200-2400-#map_74490359.png#.png,1
513,patch-6800-4200-7000-4400-#map_74489053.png#.png,patches_200_pixel/patch-6800-4200-7000-4400-#map_74489053.png#.png,1
514,patch-5000-1000-5200-1200-#map_74488700.png#.png,patches_200_pixel/patch-5000-1000-5200-1200-#map_74488700.png#.png,1
515,patch-400-600-600-800-#map_74488700.png#.png,patches_200_pixel/patch-400-600-600-800-#map_74488700.png#.png,1
516,patch-5200-4000-5400-4200-#map_74488705.png#.png,patches_200_pixel/patch-5200-4000-5400-4200-#map_74488705.png#.png,1
517,patch-1400-3400-1600-3600-#map_74490359.png#.png,patches_200_pixel/patch-1400-3400-1600-3600-#map_74490359.png#.png,1
518,patch-4200-4600-4400-4800-#map_74488586.png#.png,patches_200_pixel/patch-4200-4600-4400-4800-#map_74488586.png#.png,1
519,patch-2000-5600-2200-5632-#map_74488586.png#.png,patches_200_pixel/patch-2000-5600-2200-5632-#map_74488586.png#.png,1
520,patch-4200-800-4400-1000-#map_74488700.png#.png,patches_200_pixel/patch-4200-800-4400-1000-#map_74488700.png#.png,1
521,patch-7200-5200-7400-5400-#map_74487492.png#.png,patches_200_pixel/patch-7200-5200-7400-5400-#map_74487492.png#.png,1
522,patch-6600-4600-6800-4800-#map_74488742.png#.png,patches_200_pixel/patch-6600-4600-6800-4800-#map_74488742.png#.png,1
523,patch-1800-2000-2000-2200-#map_74487492.png#.png,patches_200_pixel/patch-1800-2000-2000-2200-#map_74487492.png#.png,1
524,patch-2200-1600-2400-1800-#map_74488580.png#.png,patches_200_pixel/patch-2200-1600-2400-1800-#map_74488580.png#.png,1
525,patch-2400-2800-2600-3000-#map_74487492.png#.png,patches_200_pixel/patch-2400-2800-2600-3000-#map_74487492.png#.png,1
526,patch-6600-3800-6800-4000-#map_74487492.png#.png,patches_200_pixel/patch-6600-3800-6800-4000-#map_74487492.png#.png,1
527,patch-5400-200-5600-400-#map_74488705.png#.png,patches_200_pixel/patch-5400-200-5600-400-#map_74488705.png#.png,1
528,patch-4400-1800-4600-2000-#map_74487492.png#.png,patches_200_pixel/patch-4400-1800-4600-2000-#map_74487492.png#.png,1
529,patch-4000-4600-4200-4800-#map_74487492.png#.png,patches_200_pixel/patch-4000-4600-4200-4800-#map_74487492.png#.png,1
530,patch-2600-1600-2800-1800-#map_74487492.png#.png,patches_200_pixel/patch-2600-1600-2800-1800-#map_74487492.png#.png,1
531,patch-7200-5000-7400-5200-#map_74487492.png#.png,patches_200_pixel/patch-7200-5000-7400-5200-#map_74487492.png#.png,1
532,patch-2800-3600-3000-3800-#map_74488700.png#.png,patches_200_pixel/patch-2800-3600-3000-3800-#map_74488700.png#.png,2
533,patch-4400-5400-4600-5600-#map_74488580.png#.png,patches_200_pixel/patch-4400-5400-4600-5600-#map_74488580.png#.png,1
534,patch-2400-5800-2600-5888-#map_74487492.png#.png,patches_200_pixel/patch-2400-5800-2600-5888-#map_74487492.png#.png,1
535,patch-7000-3400-7200-3600-#map_74488689.png#.png,patches_200_pixel/patch-7000-3400-7200-3600-#map_74488689.png#.png,2
536,patch-2600-4400-2800-4600-#map_74489035.png#.png,patches_200_pixel/patch-2600-4400-2800-4600-#map_74489035.png#.png,2
537,patch-7400-3800-7424-4000-#map_74488689.png#.png,patches_200_pixel/patch-7400-3800-7424-4000-#map_74488689.png#.png,1
538,patch-4000-3600-4200-3800-#map_74489053.png#.png,patches_200_pixel/patch-4000-3600-4200-3800-#map_74489053.png#.png,2
539,patch-3400-4800-3600-5000-#map_74488689.png#.png,patches_200_pixel/patch-3400-4800-3600-5000-#map_74488689.png#.png,2
540,patch-3200-2000-3400-2200-#map_74488700.png#.png,patches_200_pixel/patch-3200-2000-3400-2200-#map_74488700.png#.png,2
541,patch-3000-5400-3200-5600-#map_74490356.png#.png,patches_200_pixel/patch-3000-5400-3200-5600-#map_74490356.png#.png,2
542,patch-3600-800-3800-1000-#map_74488689.png#.png,patches_200_pixel/patch-3600-800-3800-1000-#map_74488689.png#.png,2
543,patch-2600-200-2800-400-#map_74488621.png#.png,patches_200_pixel/patch-2600-200-2800-400-#map_74488621.png#.png,2
544,patch-5200-0-5400-200-#map_74489035.png#.png,patches_200_pixel/patch-5200-0-5400-200-#map_74489035.png#.png,2
545,patch-7200-2800-7400-3000-#map_74488689.png#.png,patches_200_pixel/patch-7200-2800-7400-3000-#map_74488689.png#.png,2
546,patch-3600-4800-3800-5000-#map_74488742.png#.png,patches_200_pixel/patch-3600-4800-3800-5000-#map_74488742.png#.png,2
547,patch-7200-4800-7400-5000-#map_74488705.png#.png,patches_200_pixel/patch-7200-4800-7400-5000-#map_74488705.png#.png,2
548,patch-400-5400-600-5600-#map_74488586.png#.png,patches_200_pixel/patch-400-5400-600-5600-#map_74488586.png#.png,2
549,patch-1600-400-1800-600-#map_74489053.png#.png,patches_200_pixel/patch-1600-400-1800-600-#map_74489053.png#.png,2
550,patch-6600-3200-6800-3400-#map_74489035.png#.png,patches_200_pixel/patch-6600-3200-6800-3400-#map_74489035.png#.png,1
551,patch-7000-3200-7200-3400-#map_74490359.png#.png,patches_200_pixel/patch-7000-3200-7200-3400-#map_74490359.png#.png,1
552,patch-800-2000-1000-2200-#map_74488700.png#.png,patches_200_pixel/patch-800-2000-1000-2200-#map_74488700.png#.png,2
553,patch-200-1600-400-1800-#map_74488689.png#.png,patches_200_pixel/patch-200-1600-400-1800-#map_74488689.png#.png,1
554,patch-2400-3600-2600-3800-#map_74488700.png#.png,patches_200_pixel/patch-2400-3600-2600-3800-#map_74488700.png#.png,1
555,patch-800-600-1000-800-#map_74488621.png#.png,patches_200_pixel/patch-800-600-1000-800-#map_74488621.png#.png,1
556,patch-2600-800-2800-1000-#map_74488586.png#.png,patches_200_pixel/patch-2600-800-2800-1000-#map_74488586.png#.png,2
557,patch-5000-2800-5200-3000-#map_74488742.png#.png,patches_200_pixel/patch-5000-2800-5200-3000-#map_74488742.png#.png,2
558,patch-4600-3200-4800-3400-#map_74488621.png#.png,patches_200_pixel/patch-4600-3200-4800-3400-#map_74488621.png#.png,1
559,patch-800-5400-1000-5600-#map_74488580.png#.png,patches_200_pixel/patch-800-5400-1000-5600-#map_74488580.png#.png,1
560,patch-6000-4000-6200-4200-#map_74488618.png#.png,patches_200_pixel/patch-6000-4000-6200-4200-#map_74488618.png#.png,1
561,patch-7400-2000-7424-2200-#map_74488700.png#.png,patches_200_pixel/patch-7400-2000-7424-2200-#map_74488700.png#.png,1
562,patch-0-4800-200-5000-#map_74488586.png#.png,patches_200_pixel/patch-0-4800-200-5000-#map_74488586.png#.png,2
563,patch-5800-2200-6000-2400-#map_74488586.png#.png,patches_200_pixel/patch-5800-2200-6000-2400-#map_74488586.png#.png,2
564,patch-7600-3200-7680-3400-#map_74488705.png#.png,patches_200_pixel/patch-7600-3200-7680-3400-#map_74488705.png#.png,2
565,patch-7000-200-7200-400-#map_74489035.png#.png,patches_200_pixel/patch-7000-200-7200-400-#map_74489035.png#.png,2
566,patch-4600-1600-4800-1800-#map_74489035.png#.png,patches_200_pixel/patch-4600-1600-4800-1800-#map_74489035.png#.png,2
567,patch-6600-3000-6800-3200-#map_74488742.png#.png,patches_200_pixel/patch-6600-3000-6800-3200-#map_74488742.png#.png,1
568,patch-1000-2800-1200-3000-#map_74490356.png#.png,patches_200_pixel/patch-1000-2800-1200-3000-#map_74490356.png#.png,1
569,patch-2400-3800-2600-4000-#map_74488586.png#.png,patches_200_pixel/patch-2400-3800-2600-4000-#map_74488586.png#.png,2
570,patch-5600-400-5800-600-#map_74487492.png#.png,patches_200_pixel/patch-5600-400-5800-600-#map_74487492.png#.png,1
571,patch-7000-400-7200-600-#map_74489035.png#.png,patches_200_pixel/patch-7000-400-7200-600-#map_74489035.png#.png,1
572,patch-5800-3800-6000-4000-#map_74489053.png#.png,patches_200_pixel/patch-5800-3800-6000-4000-#map_74489053.png#.png,2
573,patch-2000-4600-2200-4800-#map_74488742.png#.png,patches_200_pixel/patch-2000-4600-2200-4800-#map_74488742.png#.png,1
574,patch-1600-4000-1800-4200-#map_74488689.png#.png,patches_200_pixel/patch-1600-4000-1800-4200-#map_74488689.png#.png,1
575,patch-3600-2600-3800-2800-#map_74490359.png#.png,patches_200_pixel/patch-3600-2600-3800-2800-#map_74490359.png#.png,1
576,patch-600-3800-800-4000-#map_74488722.png#.png,patches_200_pixel/patch-600-3800-800-4000-#map_74488722.png#.png,1
577,patch-200-4200-400-4400-#map_74489035.png#.png,patches_200_pixel/patch-200-4200-400-4400-#map_74489035.png#.png,1
578,patch-4800-4200-5000-4400-#map_74488580.png#.png,patches_200_pixel/patch-4800-4200-5000-4400-#map_74488580.png#.png,2
579,patch-6800-1400-7000-1600-#map_74488586.png#.png,patches_200_pixel/patch-6800-1400-7000-1600-#map_74488586.png#.png,2
580,patch-200-400-400-600-#map_74489035.png#.png,patches_200_pixel/patch-200-400-400-600-#map_74489035.png#.png,2
581,patch-1800-3200-2000-3400-#map_74490389.png#.png,patches_200_pixel/patch-1800-3200-2000-3400-#map_74490389.png#.png,1
582,patch-2400-3000-2600-3200-#map_74490389.png#.png,patches_200_pixel/patch-2400-3000-2600-3200-#map_74490389.png#.png,1
583,patch-3200-2200-3400-2400-#map_74490356.png#.png,patches_200_pixel/patch-3200-2200-3400-2400-#map_74490356.png#.png,1
584,patch-200-1600-400-1800-#map_74490356.png#.png,patches_200_pixel/patch-200-1600-400-1800-#map_74490356.png#.png,1
585,patch-6800-3000-7000-3200-#map_74488618.png#.png,patches_200_pixel/patch-6800-3000-7000-3200-#map_74488618.png#.png,1
586,patch-7200-4600-7400-4800-#map_74488621.png#.png,patches_200_pixel/patch-7200-4600-7400-4800-#map_74488621.png#.png,2
587,patch-3200-1000-3400-1200-#map_74489053.png#.png,patches_200_pixel/patch-3200-1000-3400-1200-#map_74489053.png#.png,1
588,patch-4600-2200-4800-2400-#map_74489035.png#.png,patches_200_pixel/patch-4600-2200-4800-2400-#map_74489035.png#.png,1
589,patch-5600-3000-5800-3200-#map_74488580.png#.png,patches_200_pixel/patch-5600-3000-5800-3200-#map_74488580.png#.png,1
590,patch-2800-3600-3000-3800-#map_74490389.png#.png,patches_200_pixel/patch-2800-3600-3000-3800-#map_74490389.png#.png,1
591,patch-2000-5000-2200-5200-#map_74489053.png#.png,patches_200_pixel/patch-2000-5000-2200-5200-#map_74489053.png#.png,1
592,patch-4800-5000-5000-5200-#map_74488618.png#.png,patches_200_pixel/patch-4800-5000-5000-5200-#map_74488618.png#.png,1
593,patch-6800-3400-7000-3600-#map_74490356.png#.png,patches_200_pixel/patch-6800-3400-7000-3600-#map_74490356.png#.png,1
594,patch-4200-2400-4400-2600-#map_74489053.png#.png,patches_200_pixel/patch-4200-2400-4400-2600-#map_74489053.png#.png,1
595,patch-2600-200-2800-400-#map_74489035.png#.png,patches_200_pixel/patch-2600-200-2800-400-#map_74489035.png#.png,1
596,patch-7000-2000-7200-2200-#map_74488618.png#.png,patches_200_pixel/patch-7000-2000-7200-2200-#map_74488618.png#.png,1
597,patch-3400-200-3600-400-#map_74488722.png#.png,patches_200_pixel/patch-3400-200-3600-400-#map_74488722.png#.png,1
598,patch-4000-1800-4200-2000-#map_74488742.png#.png,patches_200_pixel/patch-4000-1800-4200-2000-#map_74488742.png#.png,1
599,patch-3800-1000-4000-1200-#map_74488700.png#.png,patches_200_pixel/patch-3800-1000-4000-1200-#map_74488700.png#.png,1
600,patch-2200-1800-2400-2000-#map_74490356.png#.png,patches_200_pixel/patch-2200-1800-2400-2000-#map_74490356.png#.png,1
601,patch-7000-5400-7200-5600-#map_74490389.png#.png,patches_200_pixel/patch-7000-5400-7200-5600-#map_74490389.png#.png,1
602,patch-6400-1400-6600-1600-#map_74489053.png#.png,patches_200_pixel/patch-6400-1400-6600-1600-#map_74489053.png#.png,1
603,patch-6200-5600-6400-5800-#map_74489053.png#.png,patches_200_pixel/patch-6200-5600-6400-5800-#map_74489053.png#.png,1
604,patch-2000-600-2200-800-#map_74490389.png#.png,patches_200_pixel/patch-2000-600-2200-800-#map_74490389.png#.png,1
605,patch-5200-5400-5400-5600-#map_74488586.png#.png,patches_200_pixel/patch-5200-5400-5400-5600-#map_74488586.png#.png,1
606,patch-3600-3000-3800-3200-#map_74489053.png#.png,patches_200_pixel/patch-3600-3000-3800-3200-#map_74489053.png#.png,1
607,patch-1400-400-1600-600-#map_74489035.png#.png,patches_200_pixel/patch-1400-400-1600-600-#map_74489035.png#.png,1
608,patch-1600-600-1800-800-#map_74488621.png#.png,patches_200_pixel/patch-1600-600-1800-800-#map_74488621.png#.png,1
609,patch-4800-3600-5000-3800-#map_74488586.png#.png,patches_200_pixel/patch-4800-3600-5000-3800-#map_74488586.png#.png,1
610,patch-2600-5400-2800-5600-#map_74488700.png#.png,patches_200_pixel/patch-2600-5400-2800-5600-#map_74488700.png#.png,1
611,patch-400-1600-600-1800-#map_74488722.png#.png,patches_200_pixel/patch-400-1600-600-1800-#map_74488722.png#.png,1
612,patch-5600-1200-5800-1400-#map_74490359.png#.png,patches_200_pixel/patch-5600-1200-5800-1400-#map_74490359.png#.png,1
613,patch-6000-5400-6200-5600-#map_74488586.png#.png,patches_200_pixel/patch-6000-5400-6200-5600-#map_74488586.png#.png,1
614,patch-6000-1000-6200-1200-#map_74488700.png#.png,patches_200_pixel/patch-6000-1000-6200-1200-#map_74488700.png#.png,1
615,patch-2600-1600-2800-1800-#map_74488742.png#.png,patches_200_pixel/patch-2600-1600-2800-1800-#map_74488742.png#.png,1
616,patch-6400-5400-6600-5600-#map_74490356.png#.png,patches_200_pixel/patch-6400-5400-6600-5600-#map_74490356.png#.png,1
617,patch-7000-200-7200-400-#map_74488700.png#.png,patches_200_pixel/patch-7000-200-7200-400-#map_74488700.png#.png,1
618,patch-200-1000-400-1200-#map_74488705.png#.png,patches_200_pixel/patch-200-1000-400-1200-#map_74488705.png#.png,1
619,patch-6800-1600-7000-1800-#map_74488700.png#.png,patches_200_pixel/patch-6800-1600-7000-1800-#map_74488700.png#.png,1
620,patch-6800-1600-7000-1800-#map_74489053.png#.png,patches_200_pixel/patch-6800-1600-7000-1800-#map_74489053.png#.png,1
621,patch-3400-5800-3600-5888-#map_74490389.png#.png,patches_200_pixel/patch-3400-5800-3600-5888-#map_74490389.png#.png,1
622,patch-4800-2800-5000-3000-#map_74487492.png#.png,patches_200_pixel/patch-4800-2800-5000-3000-#map_74487492.png#.png,1
623,patch-3400-4600-3600-4800-#map_74487492.png#.png,patches_200_pixel/patch-3400-4600-3600-4800-#map_74487492.png#.png,1
624,patch-2200-1600-2400-1800-#map_74487492.png#.png,patches_200_pixel/patch-2200-1600-2400-1800-#map_74487492.png#.png,1
625,patch-1800-2000-2000-2200-#map_74488580.png#.png,patches_200_pixel/patch-1800-2000-2000-2200-#map_74488580.png#.png,1
626,patch-6600-1600-6800-1800-#map_74487492.png#.png,patches_200_pixel/patch-6600-1600-6800-1800-#map_74487492.png#.png,1
627,patch-7000-1400-7200-1600-#map_74488580.png#.png,patches_200_pixel/patch-7000-1400-7200-1600-#map_74488580.png#.png,1
628,patch-2400-2600-2600-2800-#map_74487492.png#.png,patches_200_pixel/patch-2400-2600-2600-2800-#map_74487492.png#.png,1
629,patch-6600-1600-6800-1800-#map_74488580.png#.png,patches_200_pixel/patch-6600-1600-6800-1800-#map_74488580.png#.png,1
630,patch-5600-4000-5800-4200-#map_74487492.png#.png,patches_200_pixel/patch-5600-4000-5800-4200-#map_74487492.png#.png,1
631,patch-1600-1800-1800-2000-#map_74487492.png#.png,patches_200_pixel/patch-1600-1800-1800-2000-#map_74487492.png#.png,1
